<?xml version="1.0" encoding="UTF-8"?>
<project-private xmlns="http://www.netbeans.org/ns/project-private/1">
    <editor-bookmarks xmlns="http://www.netbeans.org/ns/editor-bookmarks/2" lastBookmarkId="0"/>
    <open-files xmlns="http://www.netbeans.org/ns/projectui-open-files/2">
        <group>
            <file>file:/C:/Users/darren/Desktop/ITB_year4_part1/Enterprise%20&amp;%20Cloud%20Computing/Lab2/jsfapp/web/WEB-INF/web.xml</file>
            <file>file:/C:/Users/darren/Desktop/ITB_year4_part1/Enterprise%20&amp;%20Cloud%20Computing/Lab2/jsfapp/web/index.xhtml</file>
            <file>file:/C:/Users/darren/Desktop/ITB_year4_part1/Enterprise%20&amp;%20Cloud%20Computing/Lab2/jsfapp/web/style.css</file>
            <file>file:/C:/Users/darren/Desktop/ITB_year4_part1/Enterprise%20&amp;%20Cloud%20Computing/Lab2/jsfapp/build/web/index.xhtml</file>
        </group>
    </open-files>
</project-private>
